,airport_code,city_name,avg_daily_flights,percent_delayed,num_unique_airlines,unique_airlines,mean_dep_delay,std_dep_delay
20,ATL,"Atlanta, GA",875.707182320442,33.50220500558349,13,"['OO', 'UA', '9E', 'AA', 'WN', 'NK', 'YX', 'DL', 'F9', 'OH', 'B6', 'MQ', 'AS']",11.095032901585459,52.47364106526251
90,DEN,"Denver, CO",826.3370165745856,38.87020532604117,10,"['OO', 'UA', 'AA', 'WN', 'DL', 'F9', 'G4', 'B6', 'MQ', 'AS']",11.841161486156706,54.011155292111376
91,DFW,"Dallas/Fort Worth, TX",823.3259668508288,37.007287514595156,12,"['OO', 'UA', '9E', 'AA', 'YX', 'NK', 'DL', 'F9', 'OH', 'B6', 'MQ', 'AS']",16.483438686905288,63.40476995821969
238,ORD,"Chicago, IL",746.9116022099447,34.29888084265965,12,"['OO', 'UA', '9E', 'AA', 'WN', 'NK', 'YX', 'DL', 'F9', 'B6', 'MQ', 'AS']",12.450399804720728,58.94270206777097
70,CLT,"Charlotte, NC",572.060773480663,36.747051949431636,11,"['UA', '9E', 'AA', 'WN', 'NK', 'YX', 'DL', 'F9', 'OH', 'B6', 'MQ']",13.555469708237158,56.395242148612965
249,PHX,"Phoenix, AZ",533.182320441989,33.104677429382626,12,"['OO', 'UA', 'AA', 'WN', 'NK', 'DL', 'F9', 'G4', 'B6', 'MQ', 'HA', 'AS']",8.830300706691812,51.02668825426484
183,LAX,"Los Angeles, CA",512.1325966850828,27.91274704410115,12,"['OO', 'UA', 'AA', 'WN', 'NK', 'DL', 'F9', 'G4', 'B6', 'MQ', 'HA', 'AS']",6.689803227755243,58.11249774268926
181,LAS,"Las Vegas, NV",508.0718232044199,37.3647524494079,11,"['OO', 'UA', 'AA', 'WN', 'NK', 'DL', 'F9', 'G4', 'B6', 'HA', 'AS']",9.970443992562064,56.3358883375035
294,SEA,"Seattle, WA",415.3370165745856,35.625731616473345,11,"['OO', 'UA', 'AA', 'WN', 'NK', 'DL', 'F9', 'B6', 'MQ', 'HA', 'AS']",10.08647706714909,50.457170979556444
192,LGA,"New York, NY",408.7513812154696,26.266490051903112,10,"['UA', '9E', 'AA', 'WN', 'NK', 'YX', 'DL', 'F9', 'B6', 'OO']",5.693230968858131,60.137176266584106
203,MCO,"Orlando, FL",407.05555555555554,37.11614576224922,10,"['UA', 'AA', 'WN', 'NK', 'YX', 'DL', 'F9', 'G4', 'B6', 'AS']",10.697024703152723,59.96807683374351
43,BOS,"Boston, MA",379.88950276243094,30.901687027341477,12,"['UA', 'AA', 'WN', 'NK', 'YX', 'DL', 'HA', 'F9', 'G4', 'B6', 'MQ', 'AS']",8.969909831297265,64.86097986231096
296,SFO,"San Francisco, CA",375.4640883977901,33.8218631822128,9,"['OO', 'UA', 'AA', 'WN', 'DL', 'F9', 'B6', 'HA', 'AS']",11.527803528598126,62.28808202405956
87,DCA,"Washington, DC",367.96685082872926,32.40443229933035,12,"['UA', 'OO', '9E', 'AA', 'WN', 'YX', 'DL', 'F9', 'OH', 'B6', 'MQ', 'AS']",12.813999579592204,68.28593531488929
98,DTW,"Detroit, MI",343.4088397790055,29.690943900123877,13,"['OO', 'UA', '9E', 'AA', 'WN', 'NK', 'YX', 'DL', 'F9', 'OH', 'B6', 'MQ', 'AS']",10.091445854851425,58.992137658485746
111,EWR,"Newark, NJ",342.2817679558011,31.554565557761528,11,"['UA', '9E', 'AA', 'YX', 'NK', 'DL', 'F9', 'G4', 'B6', 'MQ', 'AS']",10.61456265233322,62.66317762777626
226,MSP,"Minneapolis, MN",321.09944751381215,26.26335621741599,14,"['OO', 'UA', '9E', 'AA', 'WN', 'NK', 'YX', 'DL', 'F9', 'G4', 'OH', 'B6', 'MQ', 'AS']",5.786902734045665,54.30583653973301
172,JFK,"New York, NY",314.72375690607737,29.05643816378478,9,"['OO', '9E', 'AA', 'YX', 'DL', 'F9', 'B6', 'HA', 'AS']",8.023505661371017,59.7189937785769
159,IAH,"Houston, TX",308.4222222222222,36.400317025722316,11,"['OO', 'UA', 'AA', 'YX', 'NK', 'DL', 'F9', 'OH', 'B6', 'MQ', 'AS']",13.52581237841343,62.37292960338689
305,SLC,"Salt Lake City, UT",300.56906077348066,27.345918423616343,11,"['OO', 'UA', 'AA', 'WN', 'NK', 'DL', 'F9', 'B6', 'MQ', 'HA', 'AS']",5.965590132897083,53.98630145953787
215,MIA,"Miami, FL",295.35911602209944,36.77328843995511,11,"['UA', '9E', 'AA', 'WN', 'NK', 'YX', 'DL', 'F9', 'B6', 'MQ', 'AS']",14.699925177702955,62.28040495342354
41,BNA,"Nashville, TN",259.89502762430936,35.04177207117196,14,"['OO', 'UA', '9E', 'AA', 'WN', 'NK', 'YX', 'DL', 'F9', 'G4', 'OH', 'B6', 'MQ', 'AS']",8.757424374481834,55.573857474144326
248,PHL,"Philadelphia, PA",252.22651933701658,30.09659825203163,12,"['UA', 'OO', '9E', 'AA', 'WN', 'NK', 'YX', 'DL', 'F9', 'OH', 'B6', 'AS']",10.480866536700765,64.38665771959967
284,SAN,"San Diego, CA",250.60773480662982,37.46252204585537,11,"['OO', 'UA', 'AA', 'WN', 'NK', 'DL', 'F9', 'G4', 'B6', 'HA', 'AS']",15.522971781305115,69.3788286016757
55,BWI,"Baltimore, MD",250.2707182320442,45.548466853572926,13,"['UA', 'OO', '9E', 'AA', 'WN', 'NK', 'YX', 'DL', 'F9', 'G4', 'OH', 'MQ', 'AS']",12.087816508090686,49.06227445177646
119,FLL,"Fort Lauderdale, FL",237.5635359116022,39.17765529430917,10,"['UA', '9E', 'AA', 'WN', 'NK', 'DL', 'F9', 'G4', 'B6', 'AS']",12.838786948533686,62.705585310368484
22,AUS,"Austin, TX",218.51933701657458,33.44457928802589,14,"['OO', 'UA', '9E', 'AA', 'WN', 'NK', 'YX', 'DL', 'F9', 'G4', 'B6', 'MQ', 'HA', 'AS']",9.070110234627832,60.97448652913851
326,TPA,"Tampa, FL",202.70224719101122,34.117679665197755,11,"['UA', '9E', 'AA', 'WN', 'NK', 'YX', 'DL', 'F9', 'B6', 'MQ', 'AS']",10.485019816523932,64.55862985992319
206,MDW,"Chicago, IL",193.28176795580112,40.12691516121656,5,"['WN', 'DL', 'F9', 'G4', 'OO']",10.311027898467872,47.5069053953394
85,DAL,"Dallas, TX",190.1988950276243,43.49328995526637,3,"['WN', 'AS', 'DL']",13.290826700749433,54.83818892171897
315,STL,"St. Louis, MO",168.34254143646407,34.94584837545126,12,"['UA', 'OO', '9E', 'AA', 'WN', 'YX', 'NK', 'DL', 'F9', 'OH', 'MQ', 'AS']",7.624187725631769,55.177983397113636
148,HNL,"Honolulu, HI",162.646408839779,31.264648935086107,6,"['UA', 'AA', 'WN', 'DL', 'HA', 'AS']",2.6009375318455112,46.633765214621135
246,PDX,"Portland, OR",157.06629834254144,28.864891484047977,12,"['OO', 'UA', 'AA', 'WN', 'NK', 'DL', 'F9', 'G4', 'B6', 'MQ', 'HA', 'AS']",3.0638432586443423,56.020606900608435
271,RDU,"Raleigh/Durham, NC",155.56906077348066,29.359329497833656,13,"['OO', 'UA', '9E', 'AA', 'WN', 'NK', 'YX', 'DL', 'F9', 'OH', 'B6', 'MQ', 'AS']",6.886035940052561,63.359749897459565
307,SMF,"Sacramento, CA",148.52486187845304,31.97931778447346,11,"['OO', 'UA', 'AA', 'WN', 'NK', 'DL', 'F9', 'B6', 'MQ', 'HA', 'AS']",5.683852248632965,54.746964473370326
150,HOU,"Houston, TX",144.4388888888889,38.49378822262395,7,"['WN', 'DL', 'F9', 'G4', 'OH', 'MQ', 'OO']",9.691949690372706,49.140526674408186
157,IAD,"Washington, DC",140.76243093922653,28.981866708532852,11,"['UA', '9E', 'AA', 'WN', 'YX', 'DL', 'G4', 'F9', 'OH', 'AS', 'OO']",8.427388335034147,61.026930008826
227,MSY,"New Orleans, LA",136.7094972067039,35.48281639491643,13,"['OO', 'UA', 'AA', 'WN', 'NK', 'YX', 'DL', 'F9', 'G4', 'OH', 'B6', 'MQ', 'AS']",10.636467655592334,61.12257243026524
302,SJC,"San Jose, CA",134.70165745856355,28.34584307452524,11,"['OO', 'UA', 'AA', 'WN', 'NK', 'DL', 'F9', 'B6', 'MQ', 'HA', 'AS']",5.096632623764407,50.01530050289143
202,MCI,"Kansas City, MO",127.55,30.2234417875343,13,"['OO', 'UA', '9E', 'AA', 'WN', 'NK', 'YX', 'DL', 'F9', 'G4', 'OH', 'MQ', 'AS']",5.782481815410079,58.33258942057052
164,IND,"Indianapolis, IN",124.67403314917127,27.17805548169813,13,"['OO', 'UA', '9E', 'AA', 'WN', 'NK', 'YX', 'DL', 'F9', 'G4', 'OH', 'MQ', 'AS']",4.768456970663831,55.95697644078039
309,SNA,"Santa Ana, CA",115.08839779005525,30.30579424895588,9,"['OO', 'UA', 'AA', 'WN', 'NK', 'DL', 'F9', 'G4', 'AS']",9.017521962459796,65.31023590005884
71,CMH,"Columbus, OH",114.32596685082873,27.313584303870872,12,"['OO', 'UA', '9E', 'AA', 'WN', 'NK', 'YX', 'DL', 'F9', 'OH', 'MQ', 'AS']",3.909631276277002,57.072344559824536
254,PIT,"Pittsburgh, PA",111.76795580110497,27.4147305981216,14,"['OO', 'UA', '9E', 'AA', 'WN', 'NK', 'YX', 'DL', 'F9', 'G4', 'OH', 'B6', 'MQ', 'AS']",4.0850716757291154,57.79626933809522
285,SAT,"San Antonio, TX",109.25414364640883,28.849557522123895,11,"['OO', 'UA', 'AA', 'WN', 'NK', 'YX', 'DL', 'F9', 'B6', 'MQ', 'AS']",6.908065739570165,62.40799473134746
68,CLE,"Cleveland, OH",104.60220994475138,26.799767601542282,13,"['OO', 'UA', '9E', 'AA', 'WN', 'NK', 'YX', 'DL', 'F9', 'OH', 'B6', 'MQ', 'AS']",3.573548830085037,60.1154546420372
232,OAK,"Oakland, CA",102.1878453038674,35.72123702422145,7,"['WN', 'NK', 'DL', 'G4', 'AS', 'HA', 'OO']",7.983726211072664,47.304574211881246
81,CVG,"Cincinnati, OH",98.13812154696133,27.81624725553116,12,"['OO', 'UA', '9E', 'AA', 'WN', 'YX', 'DL', 'F9', 'G4', 'OH', 'MQ', 'AS']",7.568822833980747,65.88976841434533
282,RSW,"Fort Myers, FL",95.92178770949721,28.875946418171228,12,"['UA', '9E', 'AA', 'WN', 'NK', 'YX', 'DL', 'F9', 'OH', 'B6', 'MQ', 'AS']",8.962783925451369,72.76692282823876
304,SJU,"San Juan, PR",91.29281767955801,36.78891309610263,8,"['UA', 'AA', 'WN', 'NK', 'DL', 'F9', 'B6', 'MQ']",13.748487049140644,70.55949989626733
54,BUR,"Burbank, CA",85.21546961325967,31.146265560165972,10,"['OO', 'UA', 'AA', 'WN', 'NK', 'DL', 'F9', 'B6', 'MQ', 'AS']",8.247795643153527,58.67461263833427
245,PBI,"West Palm Beach/Palm Beach, FL",82.46408839779005,37.766313814819775,11,"['UA', 'AA', 'WN', 'NK', 'YX', 'DL', 'G4', 'F9', 'OH', 'B6', 'MQ']",16.53919335387914,75.33607853103784
171,JAX,"Jacksonville, FL",78.15469613259668,29.188463169800652,11,"['UA', '9E', 'AA', 'WN', 'YX', 'DL', 'F9', 'G4', 'OH', 'B6', 'MQ']",7.207337763325322,60.81066519076318
216,MKE,"Milwaukee, WI",71.67403314917127,29.499730208895397,13,"['OO', 'UA', '9E', 'AA', 'WN', 'NK', 'YX', 'DL', 'F9', 'OH', 'B6', 'MQ', 'AS']",8.715871425267864,67.18457135594421
233,OGG,"Kahului, HI",70.1988950276243,26.696049110656382,6,"['UA', 'AA', 'WN', 'DL', 'HA', 'AS']",0.15960963324413663,44.834774122493535
237,ONT,"Ontario, CA",69.59116022099448,29.30295331851381,10,"['OO', 'UA', 'AA', 'WN', 'DL', 'F9', 'B6', 'MQ', 'HA', 'AS']",4.894966656081295,56.90426555138462
2,ABQ,"Albuquerque, NM",65.28729281767956,28.60286028602861,10,"['OO', 'UA', 'AA', 'WN', 'NK', 'YX', 'DL', 'B6', 'MQ', 'AS']",2.3920622831513922,57.445125986581985
235,OMA,"Omaha, NE",63.1767955801105,27.80935723655444,12,"['OO', 'UA', '9E', 'AA', 'WN', 'YX', 'DL', 'F9', 'G4', 'OH', 'MQ', 'AS']",6.135198950590293,57.97607742702053
42,BOI,"Boise, ID",62.966850828729285,25.980521189786785,9,"['UA', 'AA', 'WN', 'NK', 'DL', 'G4', 'AS', 'MQ', 'OO']",3.867859963148197,57.5599089656944
63,CHS,"Charleston, SC",62.894444444444446,27.90389541559933,14,"['OO', 'UA', '9E', 'AA', 'WN', 'NK', 'YX', 'DL', 'F9', 'G4', 'OH', 'B6', 'MQ', 'AS']",5.309689956717604,62.93857726137873
234,OKC,"Oklahoma City, OK",60.668508287292816,25.097896366451145,10,"['OO', '9E', 'AA', 'WN', 'YX', 'DL', 'F9', 'OH', 'MQ', 'AS']",7.353610782260268,68.21810485222784
293,SDF,"Louisville, KY",60.64088397790055,25.16399416909621,11,"['UA', '9E', 'AA', 'WN', 'YX', 'NK', 'DL', 'G4', 'OH', 'MQ', 'OO']",3.642037172011662,61.76264550205247
27,BDL,"Hartford, CT",60.3646408839779,30.853011166025993,12,"['UA', '9E', 'AA', 'WN', 'NK', 'YX', 'DL', 'F9', 'OH', 'B6', 'MQ', 'OO']",4.979681493684788,59.53885448619112
330,TUS,"Tucson, AZ",57.39779005524862,22.976224853210123,7,"['UA', 'AA', 'WN', 'DL', 'AS', 'MQ', 'OO']",2.9069207815959186,60.8673107184208
277,RNO,"Reno, NV",56.988950276243095,29.12263693650024,9,"['UA', 'AA', 'WN', 'NK', 'DL', 'B6', 'AS', 'MQ', 'OO']",6.877750848279205,61.58837289111631
208,MEM,"Memphis, TN",56.773480662983424,28.64927987543792,12,"['UA', '9E', 'AA', 'WN', 'NK', 'YX', 'DL', 'G4', 'F9', 'OH', 'MQ', 'OO']",7.395776566757493,62.38675648400039
53,BUF,"Buffalo, NY",56.07734806629834,32.1576354679803,11,"['UA', '9E', 'AA', 'WN', 'YX', 'DL', 'F9', 'OH', 'B6', 'MQ', 'OO']",7.607290640394089,65.35391922565
239,ORF,"Norfolk, VA",54.668508287292816,29.277412834765034,12,"['UA', '9E', 'AA', 'WN', 'NK', 'YX', 'DL', 'F9', 'G4', 'OH', 'MQ', 'OO']",6.747751389590702,65.66806809646964
286,SAV,"Savannah, GA",49.06703910614525,32.75646134578162,12,"['UA', '9E', 'AA', 'WN', 'YX', 'DL', 'F9', 'G4', 'OH', 'B6', 'MQ', 'OO']",8.913355345553912,71.10991509937591
106,ELP,"El Paso, TX",47.8232044198895,24.225970425138634,9,"['UA', 'AA', 'WN', 'YX', 'DL', 'F9', 'G4', 'MQ', 'OO']",4.4247920517560075,59.74482328901345
136,GRR,"Grand Rapids, MI",46.67403314917127,28.13683712121212,11,"['UA', '9E', 'AA', 'WN', 'YX', 'DL', 'F9', 'G4', 'OH', 'MQ', 'OO']",6.126420454545454,70.15698625826415
193,LGB,"Long Beach, CA",46.19889502762431,30.997369050466396,4,"['WN', 'HA', 'OO', 'DL']",6.669815833532648,52.79428810976312
329,TUL,"Tulsa, OK",45.98342541436464,22.203532380151387,10,"['UA', '9E', 'AA', 'WN', 'YX', 'DL', 'G4', 'OH', 'MQ', 'OO']",2.3813528775681845,68.66044610723938
127,GEG,"Spokane, WA",45.668508287292816,27.340914589886278,7,"['UA', 'AA', 'WN', 'DL', 'G4', 'AS', 'OO']",2.4513670457294943,58.84281454776176
274,RIC,"Richmond, VA",45.6243093922652,29.232259627028338,12,"['UA', '9E', 'AA', 'WN', 'NK', 'YX', 'DL', 'G4', 'OH', 'B6', 'MQ', 'OO']",5.160813756357472,60.92738789358106
33,BHM,"Birmingham, AL",45.40331491712707,28.92431248478949,10,"['UA', '9E', 'AA', 'WN', 'YX', 'NK', 'DL', 'OH', 'MQ', 'OO']",8.872596738865903,65.789267914775
177,KOA,"Kona, HI",43.58563535911602,24.210926606667513,6,"['UA', 'AA', 'WN', 'DL', 'HA', 'AS']",-2.129927747496514,42.330439443215525
313,SRQ,"Sarasota/Bradenton, FL",43.241379310344826,27.37905369484317,11,"['UA', 'AA', 'WN', 'YX', 'DL', 'G4', 'F9', 'OH', 'B6', 'MQ', 'OO']",8.102472089314194,74.036157727644
335,TYS,"Knoxville, TN",42.15469613259668,26.526867627785066,10,"['UA', '9E', 'AA', 'YX', 'DL', 'G4', 'F9', 'OH', 'MQ', 'OO']",4.9073394495412845,63.1953109898495
194,LIH,"Lihue, HI",41.950276243093924,27.38048202291584,6,"['UA', 'AA', 'WN', 'DL', 'HA', 'AS']",-0.2680100092190175,43.72814462329603
265,PVD,"Providence, RI",41.828729281767956,28.14687623827764,11,"['UA', '9E', 'AA', 'WN', 'YX', 'DL', 'G4', 'OH', 'B6', 'MQ', 'OO']",6.155989961695945,66.63064140932161
138,GSP,"Greer, SC",41.58563535911602,26.132589345024577,10,"['UA', '9E', 'AA', 'WN', 'YX', 'DL', 'G4', 'OH', 'MQ', 'OO']",6.384349674505115,64.98613588768373
17,ANC,"Anchorage, AK",40.83425414364641,27.00581788661886,4,"['UA', 'AS', 'AA', 'DL']",-0.1668245163036125,49.565341170840206
264,PSP,"Palm Springs, CA",40.8232044198895,26.01163892272297,9,"['UA', 'AA', 'WN', 'DL', 'G4', 'F9', 'AS', 'MQ', 'OO']",2.2423873325213153,59.62609411708869
97,DSM,"Des Moines, IA",38.78453038674033,24.800569800569804,11,"['UA', '9E', 'AA', 'WN', 'YX', 'DL', 'F9', 'G4', 'OH', 'MQ', 'OO']",5.428774928774929,75.91219441237442
342,XNA,"Fayetteville, AR",37.49171270718232,26.46625405246095,10,"['UA', '9E', 'AA', 'YX', 'DL', 'F9', 'G4', 'OH', 'MQ', 'OO']",6.891541408782788,69.50787550155296
75,COS,"Colorado Springs, CO",33.96132596685083,27.509354156499107,7,"['UA', 'AA', 'WN', 'DL', 'G4', 'MQ', 'OO']",10.066373840897999,76.36439280212078
230,MYR,"Myrtle Beach, SC",33.577777777777776,24.23891462607545,12,"['UA', '9E', 'AA', 'WN', 'NK', 'YX', 'DL', 'F9', 'G4', 'OH', 'MQ', 'OO']",3.3871608206485773,62.44982900237507
195,LIT,"Little Rock, AR",33.07734806629834,29.296809754468015,10,"['9E', 'AA', 'WN', 'YX', 'DL', 'F9', 'G4', 'OH', 'MQ', 'OO']",9.711207616502422,64.31587819582649
115,FAT,"Fresno, CA",32.19889502762431,29.99313658201784,8,"['UA', 'AA', 'WN', 'DL', 'G4', 'AS', 'MQ', 'OO']",9.407687028140014,72.99251007794695
323,SYR,"Syracuse, NY",32.171270718232044,28.748068006182375,11,"['UA', '9E', 'AA', 'YX', 'DL', 'F9', 'G4', 'OH', 'B6', 'MQ', 'OO']",11.126910527219646,77.3462473618149
256,PNS,"Pensacola, FL",31.9,27.464298153953326,11,"['UA', '9E', 'AA', 'WN', 'NK', 'YX', 'DL', 'F9', 'OH', 'MQ', 'OO']",5.586206896551724,66.37144139866754
14,ALB,"Albany, NY",31.723756906077348,31.43504005572971,11,"['UA', '9E', 'AA', 'WN', 'YX', 'DL', 'G4', 'OH', 'B6', 'MQ', 'OO']",12.75531173807036,80.570833157667
151,HPN,"White Plains, NY",31.596685082872927,27.906976744186046,6,"['9E', 'DL', 'OH', 'B6', 'MQ', 'OO']",11.062598356356006,82.05781110520064
224,MSN,"Madison, WI",31.243093922651934,22.334217506631298,9,"['UA', '9E', 'AA', 'YX', 'DL', 'F9', 'OH', 'MQ', 'OO']",6.514942528735633,70.87779816176362
279,ROC,"Rochester, NY",31.12154696132597,34.04935203266466,12,"['UA', '9E', 'AA', 'WN', 'NK', 'YX', 'DL', 'G4', 'OH', 'B6', 'MQ', 'OO']",10.318302858157287,69.03381022117561
137,GSO,"Greensboro/High Point, NC",29.558011049723756,24.149532710280372,8,"['9E', 'AA', 'YX', 'DL', 'G4', 'OH', 'MQ', 'OO']",7.063738317757009,61.74716305470624
267,PWM,"Portland, ME",29.099447513812155,27.226124928801976,11,"['UA', '9E', 'AA', 'WN', 'YX', 'DL', 'F9', 'OH', 'B6', 'MQ', 'OO']",8.865008543763054,70.55215068856599
160,ICT,"Wichita, KS",27.370165745856355,24.989907145740816,10,"['UA', '9E', 'AA', 'WN', 'YX', 'DL', 'G4', 'OH', 'MQ', 'OO']",7.881509890997174,74.40177929340291
23,AVL,"Asheville, NC",26.905027932960895,33.45099667774086,10,"['UA', '9E', 'AA', 'YX', 'DL', 'G4', 'OH', 'B6', 'MQ', 'OO']",13.08783222591362,79.99925473039215
200,MAF,"Midland/Odessa, TX",25.76243093922652,24.12609907784688,4,"['WN', 'UA', 'MQ', 'OO']",6.6244906712416896,68.84992832568228
297,SGF,"Springfield, MO",25.303867403314918,35.26200873362446,6,"['9E', 'DL', 'G4', 'OH', 'MQ', 'OO']",16.099781659388647,81.19029517990587
56,BZN,"Bozeman, MT",24.87292817679558,30.74189249222568,9,"['OO', 'UA', 'AA', 'WN', 'DL', 'G4', 'B6', 'MQ', 'AS']",11.217681030653043,73.94454810704089
295,SFB,"Sanford, FL",24.335195530726256,38.865932047750235,1,['G4'],14.834022038567493,71.45975881054684
190,LEX,"Lexington, KY",23.392265193370164,26.074633915918756,8,"['9E', 'AA', 'YX', 'DL', 'G4', 'OH', 'MQ', 'OO']",7.880255077940482,68.76009006441225
153,HSV,"Huntsville, AL",22.87845303867403,35.45037430572326,7,"['9E', 'AA', 'YX', 'DL', 'OH', 'MQ', 'OO']",20.474040086935524,85.82685702218507
64,CID,"Cedar Rapids/Iowa City, IA",22.696132596685082,29.673807205452775,10,"['UA', '9E', 'AA', 'YX', 'DL', 'F9', 'G4', 'OH', 'MQ', 'OO']",10.383398247322297,77.44877922471849
52,BTV,"Burlington, VT",22.204419889502763,24.060711619805925,10,"['UA', '9E', 'AA', 'YX', 'DL', 'G4', 'F9', 'OH', 'MQ', 'OO']",8.3319233640209,74.90827511028473
339,VPS,"Valparaiso, FL",21.966666666666665,27.819929185634802,8,"['9E', 'AA', 'WN', 'YX', 'DL', 'G4', 'OH', 'MQ']",5.853566009104704,70.61321914211085
19,ASE,"Aspen, CO",21.58888888888889,41.35357694287185,1,['OO'],37.84071024189398,109.29069121623507
112,EYW,"Key West, FL",21.3,35.44600938967136,8,"['UA', '9E', 'AA', 'YX', 'DL', 'G4', 'B6', 'MQ']",14.812467396974439,77.24739795964798
252,PIE,"St. Petersburg, FL",21.164772727272727,28.56375838926175,1,['G4'],3.8722147651006713,69.79019343300902
86,DAY,"Dayton, OH",20.248618784530386,24.010914051841745,7,"['9E', 'YX', 'DL', 'G4', 'OH', 'MQ', 'OO']",12.127967257844475,88.5329623429694
162,ILM,"Wilmington, NC",20.19889502762431,25.054704595185992,7,"['9E', 'AA', 'YX', 'DL', 'OH', 'MQ', 'OO']",4.755743982494529,64.2904508749222
287,SBA,"Santa Barbara, CA",20.066298342541437,25.330396475770925,7,"['UA', 'AA', 'WN', 'DL', 'AS', 'MQ', 'OO']",8.815253303964758,79.50008883139135
247,PGD,"Punta Gorda, FL",19.98857142857143,34.676958261863916,1,['G4'],10.24442538593482,76.22769275517986
288,SBN,"South Bend, IN",19.77900552486188,31.815642458100555,7,"['UA', '9E', 'AA', 'YX', 'G4', 'OH', 'OO']",17.596927374301675,85.63416500951324
108,EUG,"Eugene, OR",19.447513812154696,29.971590909090907,7,"['UA', 'AA', 'WN', 'G4', 'AS', 'MQ', 'OO']",7.778977272727273,77.24039018300742
122,FSD,"Sioux Falls, SD",19.116022099447513,31.1271676300578,9,"['UA', '9E', 'AA', 'YX', 'DL', 'F9', 'G4', 'MQ', 'OO']",8.503179190751444,71.05903747510905
114,FAR,"Fargo, ND",19.082872928176794,29.154603358425014,7,"['UA', '9E', 'DL', 'F9', 'G4', 'MQ', 'OO']",11.995946728430805,81.93102412715729
57,CAE,"Columbia, SC",18.265193370165747,26.89050211736237,7,"['9E', 'AA', 'YX', 'DL', 'OH', 'MQ', 'OO']",7.111312764670297,69.25071868505884
61,CHA,"Chattanooga, TN",18.209944751381215,31.462378640776702,7,"['9E', 'YX', 'DL', 'G4', 'OH', 'MQ', 'OO']",14.972997572815533,85.90998323276715
21,ATW,"Appleton, WI",18.03314917127072,28.92156862745098,5,"['9E', 'DL', 'G4', 'MQ', 'OO']",17.683517156862745,95.05857682963807
168,ITO,"Hilo, HI",17.944751381215468,27.86330049261084,2,"['WN', 'HA']",1.7432266009852218,31.055291358128116
170,JAN,"Jackson/Vicksburg, MS",17.558011049723756,27.249842668344872,6,"['9E', 'WN', 'DL', 'OH', 'MQ', 'OO']",7.94115796098175,71.29525603917672
102,ECP,"Panama City, FL",17.177777777777777,30.789133247089264,7,"['AA', 'WN', 'YX', 'DL', 'OH', 'MQ', 'OO']",6.985769728331177,57.8401599817884
184,LBB,"Lubbock, TX",16.712707182320443,27.140495867768593,4,"['WN', 'MQ', 'OO', 'AA']",9.552396694214876,71.48729385640057
25,AZA,"Phoenix, AZ",16.505555555555556,29.0811174688657,1,['G4'],-0.995960955907102,49.148911197463164
260,PSC,"Pasco/Kennewick/Richland, WA",16.23204419889503,22.021783526208303,4,"['G4', 'OO', 'AS', 'DL']",4.569775357385977,69.56299260938597
270,RDM,"Bend/Redmond, OR",15.480662983425415,28.83654532476802,5,"['UA', 'AA', 'AS', 'MQ', 'OO']",12.35438972162741,71.17468263654973
289,SBP,"San Luis Obispo, CA",15.464088397790055,24.723115398356555,5,"['UA', 'OO', 'AA', 'MQ', 'AS']",6.87459807073955,85.9607042060042
124,FWA,"Fort Wayne, IN",15.337016574585636,31.340057636887607,5,"['9E', 'G4', 'OH', 'MQ', 'OO']",17.48198847262248,87.31902592265108
324,TLH,"Tallahassee, FL",15.189944134078212,23.869069510849577,6,"['9E', 'YX', 'DL', 'OH', 'B6', 'MQ']",5.70467083486576,70.87008357305193
214,MHT,"Manchester, NH",14.98342541436464,27.43362831858407,5,"['YX', 'WN', 'OH', 'B6', 'MQ']",7.9432153392330385,69.30718233958008
169,JAC,"Jackson, WY",14.552486187845304,33.52315869400152,4,"['UA', 'OO', 'DL', 'AA']",20.900151860288535,96.60689829958012
209,MFE,"Mission/McAllen/Edinburg, TX",14.425414364640885,22.175411719647645,5,"['UA', 'AA', 'G4', 'MQ', 'OO']",4.9751053236307925,76.17268992468675
268,RAP,"Rapid City, SD",13.817679558011049,26.86925229908037,7,"['UA', '9E', 'AA', 'DL', 'G4', 'MQ', 'OO']",8.269492203118752,76.76276796013836
16,AMA,"Amarillo, TX",13.491712707182321,23.423423423423422,4,"['WN', 'MQ', 'OO', 'AA']",5.832514332514332,69.88935628126849
223,MRY,"Monterey, CA",13.32596685082873,25.580431177446105,4,"['G4', 'MQ', 'OO', 'AA']",6.0464344941956885,80.19259479651278
205,MDT,"Harrisburg, PA",13.276243093922652,33.74947981689555,10,"['UA', '9E', 'AA', 'YX', 'DL', 'G4', 'F9', 'OH', 'MQ', 'OO']",11.3083645443196,73.12087360881185
300,SHV,"Shreveport, LA",12.6353591160221,28.115435067774374,5,"['9E', 'G4', 'OH', 'MQ', 'OO']",8.605596851770878,71.19538703993165
317,STT,"Charlotte Amalie, VI",12.596685082872929,27.58771929824561,5,"['UA', 'AA', 'NK', 'DL', 'B6']",7.463596491228071,72.55355250376459
152,HRL,"Harlingen/San Benito, TX",12.433333333333334,24.396782841823054,4,"['WN', 'OO', 'MQ', 'DL']",4.031277926720286,54.093479456302056
51,BTR,"Baton Rouge, LA",12.329608938547485,32.1250566379701,6,"['UA', '9E', 'DL', 'OH', 'MQ', 'OO']",12.808337109198007,71.84668730181879
103,EGE,"Eagle, CO",12.292817679558011,42.38202247191011,5,"['UA', 'AA', 'DL', 'F9', 'OO']",31.644494382022472,99.72810111725445
130,GJT,"Grand Junction, CO",12.160220994475138,24.125397546569744,4,"['UA', 'MQ', 'OO', 'G4']",3.5520218082689685,76.26358088743328
166,ISP,"Islip, NY",11.922651933701658,39.38832252085264,3,"['WN', 'F9', 'B6']",14.266913809082483,70.73128925299463
36,BIS,"Bismarck/Mandan, ND",11.878453038674033,33.81395348837209,5,"['9E', 'DL', 'G4', 'MQ', 'OO']",15.57953488372093,84.55042440392914
35,BIL,"Billings, MT",11.707182320441989,18.876828692779615,5,"['UA', 'DL', 'G4', 'MQ', 'OO']",5.9079754601226995,79.05500964015064
210,MFR,"Medford, OR",11.502762430939226,25.072046109510087,3,"['UA', 'OO', 'G4']",5.6902017291066285,87.79248823198995
175,JNU,"Juneau, AK",11.3646408839779,19.299951385512884,2,"['AS', 'DL']",-3.2644628099173554,63.44852279493701
32,BGR,"Bangor, ME",11.077348066298342,22.842892768079803,7,"['9E', 'AA', 'YX', 'G4', 'OH', 'MQ', 'OO']",2.7391521197007482,74.12365786285345
250,PIA,"Peoria, IL",11.03867403314917,32.08208208208209,4,"['G4', 'MQ', 'OH', 'OO']",17.504004004004003,91.53778719037041
96,DRO,"Durango, CO",10.933701657458563,27.842344618494188,3,"['UA', 'MQ', 'OO']",16.809499747347147,90.72152409978149
218,MLI,"Moline, IL",10.933701657458563,24.254674077817075,5,"['9E', 'G4', 'OH', 'MQ', 'OO']",10.594744820616473,83.37706869456457
316,STS,"Santa Rosa, CA",10.911602209944752,35.848101265822784,4,"['OO', 'MQ', 'AS', 'AA']",16.712911392405065,71.50109365244126
298,SGU,"St. George, UT",10.204419889502763,17.920952896589064,1,['OO'],7.165674066053059,69.65292109434438
133,GRB,"Green Bay, WI",10.116022099447514,25.505188421627526,5,"['9E', 'YX', 'DL', 'MQ', 'OO']",13.125068268705625,84.18790575292658
225,MSO,"Missoula, MT",10.027624309392266,28.484848484848484,8,"['UA', 'AA', 'DL', 'G4', 'F9', 'AS', 'MQ', 'OO']",13.034710743801654,79.98284964051327
161,IDA,"Idaho Falls, ID",9.988950276243093,24.22566371681416,3,"['G4', 'OO', 'DL']",9.91537610619469,87.61546907935043
78,CRP,"Corpus Christi, TX",9.867403314917127,22.284434490481523,3,"['WN', 'MQ', 'OO']",5.466965285554311,58.73372735340887
0,ABE,"Allentown/Bethlehem/Easton, PA",9.812154696132596,25.78828828828829,4,"['OH', 'G4', '9E', 'OO']",6.319256756756757,88.08624449030067
331,TVC,"Traverse City, MI",9.403314917127071,32.432432432432435,9,"['UA', '9E', 'AA', 'YX', 'DL', 'G4', 'OH', 'MQ', 'OO']",13.011163337250293,70.79956882948696
283,SAF,"Santa Fe, NM",9.337016574585636,28.28402366863905,1,['OO'],14.837278106508876,91.09984584646682
12,AGS,"Augusta, GA",9.312849162011172,36.832633473305336,5,"['9E', 'DL', 'OH', 'MQ', 'OO']",21.489502099580083,103.93225055224191
58,CAK,"Akron, OH",9.19889502762431,28.408408408408402,3,"['G4', 'OH', 'OO']",13.665465465465465,89.72779570609202
132,GPT,"Gulfport/Biloxi, MS",9.145251396648044,22.05253512522908,5,"['9E', 'DL', 'OH', 'MQ', 'OO']",4.543677458766036,86.38236672261333
79,CRW,"Charleston/Dunbar, WV",8.88888888888889,29.75,3,"['9E', 'OH', 'OO']",16.0775,109.63324038982887
117,FCA,"Kalispell, MT",8.629834254143647,24.519846350832264,5,"['UA', 'AA', 'DL', 'G4', 'OO']",10.172855313700385,77.54906417011946
113,FAI,"Fairbanks, AK",8.552486187845304,28.552971576227392,3,"['UA', 'AS', 'DL']",-1.0277777777777777,57.0212414948426
30,BFL,"Bakersfield, CA",8.160220994475138,18.61882193635748,3,"['MQ', 'OO', 'AA']",10.362897765741367,83.38586753361982
191,LFT,"Lafayette, LA",7.731843575418995,27.96242774566474,4,"['OH', 'MQ', 'OO', '9E']",13.936416184971097,80.86349067916076
217,MLB,"Melbourne, FL",7.6722222222222225,25.271542360608255,3,"['G4', 'OH', 'DL']",7.75887038377987,75.51642831073245
131,GNV,"Gainesville, FL",7.6187845303867405,21.972443799854968,5,"['9E', 'DL', 'OH', 'MQ', 'OO']",2.979695431472081,72.28562435734749
266,PVU,"Provo, UT",7.535911602209945,31.378299120234608,2,"['G4', 'OO']",16.93475073313783,104.94837913849345
84,DAB,"Daytona Beach, FL",7.488888888888889,21.735905044510385,5,"['AA', 'YX', 'DL', 'OH', 'MQ']",1.8620178041543027,74.04386997586896
62,CHO,"Charlottesville, VA",7.248618784530387,26.143292682926827,5,"['9E', 'YX', 'DL', 'OH', 'OO']",5.454268292682927,83.80612754785395
143,HDN,"Hayden, CO",7.204419889502763,38.34355828220859,7,"['UA', 'AA', 'WN', 'DL', 'B6', 'MQ', 'OO']",28.417944785276074,99.94292008736123
278,ROA,"Roanoke, VA",7.016666666666667,33.333333333333336,6,"['9E', 'YX', 'DL', 'G4', 'OH', 'OO']",14.946159936658749,91.88539483279267
211,MGM,"Montgomery, AL",6.955801104972376,33.121525019857025,4,"['OH', 'MQ', '9E', 'OO']",15.815726767275615,86.08454845209975
228,MTJ,"Montrose/Delta, CO",6.7845303867403315,31.351791530944624,6,"['UA', 'AA', 'WN', 'DL', 'MQ', 'OO']",12.665309446254073,74.44842787149099
8,ACY,"Atlantic City, NJ",6.779005524861878,20.45639771801141,1,['NK'],1.9568052159739202,58.476558727553424
221,MOT,"Minot, ND",6.651933701657459,28.654485049833884,2,"['G4', 'OO']",12.382059800664452,90.25700928145127
139,GTF,"Great Falls, MT",6.580110497237569,19.143576826196472,3,"['UA', 'OO', 'G4']",4.047858942065491,51.263811601029026
77,CPR,"Casper, WY",6.419889502762431,25.301204819277107,1,['OO'],10.948364888123924,82.47014912617432
120,FNT,"Flint, MI",6.375690607734807,38.56152512998266,2,"['G4', 'OO']",17.224436741767764,89.23374720344691
196,LNK,"Lincoln, NE",6.276243093922652,25.704225352112676,1,['OO'],12.629401408450704,92.31880683342902
95,DLH,"Duluth, MN",6.143646408839779,23.47122302158273,4,"['YX', 'OO', '9E', 'DL']",8.677158273381295,82.07270546738665
201,MBS,"Saginaw/Bay City/Midland, MI",6.116022099447513,32.24932249322493,1,['OO'],22.935862691960253,103.58170873952048
178,KTN,"Ketchikan, AK",5.9502762430939224,23.95543175487465,2,"['OO', 'AS']",-5.034354688950789,50.08204911879378
220,MOB,"Mobile, AL",5.871508379888268,24.45290199809705,5,"['9E', 'DL', 'OH', 'MQ', 'OO']",6.2359657469077066,74.99054848696586
319,SUN,"Sun Valley/Hailey/Ketchum, ID",5.790055248618785,16.31679389312977,1,['OO'],6.684160305343512,92.51383880093739
109,EVV,"Evansville, IN",5.766666666666667,24.855491329479772,5,"['9E', 'G4', 'OH', 'MQ', 'OO']",11.68208092485549,85.85906623238021
46,BQN,"Aguadilla, PR",5.685082872928176,37.90087463556851,3,"['B6', 'UA', 'F9']",10.229348882410108,63.598218057897164
38,BLI,"Bellingham, WA",5.624309392265193,30.844793713163067,2,"['G4', 'OO']",3.9607072691552063,71.06230338187626
343,XWA,"Williston, ND",5.613259668508287,31.10236220472441,1,['OO'],27.973425196850393,113.30675170853324
118,FLG,"Flagstaff, AZ",5.45303867403315,22.391084093211752,1,['OO'],20.813576494427558,110.30575107471577
345,YUM,"Yuma, AZ",5.287292817679558,18.7042842215256,2,"['MQ', 'OO']",7.043887147335423,74.10714111872488
135,GRK,"Killeen, TX",5.133333333333334,28.030303030303028,2,"['MQ', 'OO']",3.0465367965367967,55.47042001029832
7,ACV,"Arcata/Eureka, CA",5.060773480662983,23.689956331877728,1,['OO'],16.9235807860262,98.39820209525818
231,OAJ,"Jacksonville/Camp Lejeune, NC",5.0426829268292686,24.30471584038694,3,"['9E', 'OH', 'DL']",9.199516324062877,78.72771662752072
327,TRI,"Bristol/Johnson City/Kingsport, TN",4.977653631284916,25.70145903479237,5,"['9E', 'DL', 'G4', 'OH', 'MQ']",7.716049382716049,73.99332767135631
197,LRD,"Laredo, TX",4.938888888888889,23.284589426321705,3,"['G4', 'MQ', 'OO']",12.133858267716535,76.49601849488623
219,MLU,"Monroe, LA",4.855555555555555,25.05720823798627,3,"['MQ', '9E', 'OO']",9.685354691075515,85.9967930922634
1,ABI,"Abilene, TX",4.773480662983426,20.37037037037037,1,['MQ'],1.6539351851851851,57.038759428973
48,BRO,"Brownsville, TX",4.738888888888889,23.563892145369287,2,"['MQ', 'OO']",14.928487690504102,72.94324307962422
11,AEX,"Alexandria, LA",4.715083798882682,27.48815165876777,3,"['MQ', '9E', 'OO']",19.718009478672986,94.73661363139344
76,COU,"Columbia, MO",4.623595505617978,34.38639125151883,2,"['MQ', 'OO']",21.539489671931957,90.57605900806614
269,RDD,"Redding, CA",4.524861878453039,21.855921855921856,1,['OO'],6.444444444444445,73.276582100827
5,ACK,"Nantucket, MA",4.428571428571429,14.11290322580645,2,"['YX', 'B6']",2.528225806451613,54.12819550157291
24,AVP,"Scranton/Wilkes-Barre, PA",4.2430939226519335,25.0,4,"['OH', 'MQ', 'OO', 'AA']",6.453125,87.56452872970772
147,HLN,"Helena, MT",4.220994475138122,19.50261780104712,1,['OO'],8.010471204188482,73.95802993354987
116,FAY,"Fayetteville, NC",4.179640718562874,26.50429799426934,4,"['9E', 'OO', 'OH', 'DL']",10.085959885386819,94.56983211093534
40,BMI,"Bloomington/Normal, IL",3.9005524861878453,21.388101983002834,3,"['G4', 'MQ', '9E']",1.8626062322946175,68.90609987310805
145,HHH,"Hilton Head, SC",3.5819209039548023,28.07570977917981,2,"['YX', 'MQ']",6.126182965299685,66.12028754878196
72,CMI,"Champaign/Urbana, IL",3.453038674033149,23.52,1,['MQ'],5.128,73.88244040365748
179,LAN,"Lansing, MI",3.403314917127072,30.35714285714285,3,"['9E', 'OH', 'OO']",17.954545454545453,91.88369041713062
240,ORH,"Worcester, MA",3.327777777777778,25.542570951585976,3,"['YX', 'B6', '9E']",7.819699499165275,69.3223352640744
281,RST,"Rochester, MN",3.2933333333333334,21.45748987854251,4,"['YX', 'MQ', '9E', 'OO']",9.180161943319838,77.67507824325266
301,SIT,"Sitka, AK",3.0994475138121547,21.212121212121215,2,"['OO', 'AS']",-16.976827094474153,61.524830915658825
318,STX,"Christiansted, VI",3.0833333333333335,40.9009009009009,4,"['NK', 'DL', 'AA', 'B6']",13.68108108108108,67.17580995322997
69,CLL,"College Station/Bryan, TX",3.077777777777778,22.202166064981945,2,"['MQ', 'OO']",5.200361010830325,87.10068543429726
123,FSM,"Fort Smith, AR",3.0614525139664805,20.802919708029197,2,"['MQ', 'OO']",-1.6916058394160585,48.95976188740143
328,TTN,"Trenton, NJ",3.0445859872611467,26.359832635983263,1,['F9'],4.535564853556485,69.04164111882396
155,HYA,"Hyannis, MA",3.0,11.111111111111109,2,"['YX', 'B6']",-0.8888888888888888,43.363130780780935
128,GFK,"Grand Forks, ND",2.9719101123595504,26.27599243856333,3,"['G4', '9E', 'OO']",1.6219281663516067,75.70287294938208
6,ACT,"Waco, TX",2.9055555555555554,32.122370936902485,2,"['MQ', 'OO']",27.617590822179732,90.1938686543811
303,SJT,"San Angelo, TX",2.9,27.39463601532567,2,"['MQ', 'OO']",11.099616858237548,81.20090508373178
334,TYR,"Tyler, TX",2.8833333333333333,31.59922928709056,2,"['MQ', 'OO']",9.545279383429673,80.03214467537848
280,ROW,"Roswell, NM",2.88268156424581,33.333333333333336,1,['OO'],20.492248062015506,99.86607506806052
105,ELM,"Elmira/Corning, NY",2.8784530386740332,29.174664107485604,2,"['G4', 'OO']",9.934740882917467,93.20867594553235
141,GUC,"Gunnison, CO",2.8784530386740332,21.30518234165067,2,"['OO', 'AA']",9.220729366602686,80.93025981721783
213,MHK,"Manhattan/Ft. Riley, KS",2.877094972067039,27.572815533980588,2,"['MQ', 'OO']",5.087378640776699,64.09336374531325
188,LCH,"Lake Charles, LA",2.859550561797753,27.70137524557957,1,['OO'],35.550098231827114,126.36009639757523
182,LAW,"Lawton/Fort Sill, OK",2.8324022346368714,25.44378698224852,1,['OO'],5.2445759368836296,70.52574548246444
199,LWS,"Lewiston, ID",2.8287292817679557,16.40625,1,['OO'],9.7109375,104.05025899425256
39,BLV,"Belleville, IL",2.75,31.934731934731932,1,['G4'],23.219114219114218,114.83490183964962
272,RFD,"Rockford, IL",2.7448275862068967,40.95477386934674,1,['G4'],16.48994974874372,75.3995814051245
243,PAE,"Everett, WA",2.7222222222222223,35.91836734693877,1,['AS'],-1.5755102040816327,52.170589034135006
26,AZO,"Kalamazoo, MI",2.6740331491712706,24.999999999999996,1,['OO'],12.326446280991735,85.7013257117578
80,CSG,"Columbus, GA",2.6198347107438016,22.39747634069401,2,"['9E', 'OO']",5.400630914826499,72.85263693553891
134,GRI,"Grand Island, NE",2.6022099447513813,40.12738853503185,2,"['G4', 'OO']",24.414012738853504,113.91619042753872
189,LCK,"Columbus, OH",2.5985401459854014,41.573033707865164,1,['G4'],14.710674157303371,84.61780186688651
45,BQK,"Brunswick, GA",2.5081967213114753,21.895424836601308,2,"['9E', 'OO']",14.297385620915033,87.94640577206428
222,MQT,"Marquette, MI",2.4916201117318435,26.457399103139014,2,"['MQ', 'OO']",17.800448430493272,81.97008552604282
336,USA,"Concord, NC",2.425196850393701,45.45454545454545,1,['G4'],29.334415584415584,80.74604406753541
244,PBG,"Plattsburgh, NY",2.408695652173913,34.65703971119134,1,['G4'],10.584837545126353,90.92031979637822
338,VLD,"Valdosta, GA",2.406779661016949,23.59154929577465,1,['9E'],17.390845070422536,75.77830824646823
4,ABY,"Albany, GA",2.3850574712643677,20.240963855421686,2,"['9E', 'OO']",13.440963855421687,100.1133452282389
92,DHN,"Dothan, AL",2.2644628099173554,14.963503649635037,2,"['9E', 'OO']",7.817518248175182,91.68409842737759
321,SWF,"Newburgh/Poughkeepsie, NY",2.172727272727273,30.962343096234306,1,['G4'],13.640167364016737,85.92661160248592
74,COD,"Cody, WY",2.135593220338983,36.77248677248677,1,['OO'],29.552910052910054,101.81430334444387
10,ADQ,"Kodiak, AK",2.1235955056179776,24.603174603174605,1,['AS'],-6.6878306878306875,71.50072181604384
292,SCK,"Stockton, CA",2.0416666666666665,63.26530612244899,1,['G4'],34.522448979591836,85.76662785136371
273,RHI,"Rhinelander, WI",2.016574585635359,15.890410958904111,1,['OO'],15.972602739726028,117.7339350701752
15,ALW,"Walla Walla, WA",2.0,18.333333333333332,1,['OO'],-15.716666666666667,43.51703023994117
140,GTR,"Columbus, MS",1.9918032786885247,11.111111111111109,1,['9E'],-16.53497942386831,45.680278249706944
82,CWA,"Mosinee, WI",1.9836065573770492,17.768595041322314,1,['9E'],-5.892561983471074,68.79843692773449
3,ABR,"Aberdeen, SD",1.9833333333333334,22.969187675070028,1,['OO'],33.675070028011206,134.5002016217867
142,GUM,"Guam, TT",1.9833333333333334,26.05042016806723,1,['UA'],-20.535014005602243,49.08067230765234
299,SHR,"Sheridan, WY",1.9832402234636872,15.492957746478872,1,['OO'],6.445070422535212,101.56300650631792
275,RIW,"Riverton/Lander, WY",1.9776536312849162,19.491525423728813,1,['OO'],22.646892655367232,126.9564943169138
259,PRC,"Prescott, AZ",1.9723756906077348,24.649859943977592,1,['OO'],16.80952380952381,79.23069444823854
37,BJI,"Bemidji, MN",1.9668508287292819,22.191011235955056,1,['OO'],28.497191011235955,121.86477147764494
276,RKS,"Rock Springs, WY",1.9668508287292819,24.719101123595504,1,['OO'],20.126404494382022,111.80810159612263
28,BET,"Bethel, AK",1.9662921348314606,36.85714285714286,1,['AS'],9.802857142857142,43.07943609383617
320,SUX,"Sioux City, IA",1.9613259668508287,25.35211267605634,1,['OO'],20.67042253521127,109.25048241547054
163,IMT,"Iron Mountain/Kingsfd, MI",1.961111111111111,24.07932011331445,1,['OO'],20.937677053824363,99.88238294613157
306,SLN,"Salina, KS",1.9606741573033708,21.48997134670487,1,['OO'],17.24641833810888,103.65103378482809
167,ITH,"Ithaca/Cortland, NY",1.959016393442623,9.623430962343097,1,['9E'],-11.94560669456067,82.26198905973007
149,HOB,"Hobbs, NM",1.9553072625698324,30.57142857142857,1,['OO'],17.02,116.27362328911649
340,WRG,"Wrangell, AK",1.9548022598870056,20.23121387283237,1,['AS'],-15.624277456647398,43.872845124649594
262,PSG,"Petersburg, AK",1.9491525423728813,14.492753623188408,1,['AS'],-12.840579710144928,50.78157260209681
60,CDV,"Cordova, AK",1.9488636363636365,23.615160349854225,1,['AS'],-3.75801749271137,44.896466845838326
65,CIU,"Sault Ste. Marie, MI",1.9447513812154695,33.23863636363637,1,['OO'],18.698863636363637,108.59753555237673
333,TXK,"Texarkana, AR",1.9444444444444444,26.285714285714285,2,"['MQ', 'OO']",20.122857142857143,112.33361739211409
322,SWO,"Stillwater, OK",1.9438202247191012,18.20809248554913,1,['OO'],3.208092485549133,90.16260700777119
129,GGG,"Longview, TX",1.9388888888888889,30.37249283667622,2,"['MQ', 'OO']",19.074498567335244,126.96528694563526
312,SPS,"Wichita Falls, TX",1.9388888888888889,28.08022922636103,2,"['MQ', 'OO']",15.553008595988539,115.61634272455947
126,GCK,"Garden City, KS",1.9385474860335195,29.106628242074933,2,"['MQ', 'OO']",20.694524495677232,84.27263798698127
44,BPT,"Beaumont/Port Arthur, TX",1.9382022471910112,18.26086956521739,1,['OO'],18.730434782608697,101.30847335993037
125,GCC,"Gillette, WY",1.9378531073446328,25.072886297376094,1,['OO'],17.690962099125365,106.25049352458487
344,YAK,"Yakutat, AK",1.9375,17.302052785923753,1,['AS'],-18.410557184750733,50.30859247139933
67,CLD,"Carlsbad, CA",1.9375,12.903225806451612,1,['MQ'],-0.967741935483871,13.99400793427373
212,MGW,"Morgantown, WV",1.9285714285714286,34.07407407407407,1,['OO'],80.21481481481482,211.98596775530223
73,CMX,"Hancock/Houghton, MI",1.926553672316384,31.964809384164226,1,['OO'],27.80058651026393,117.53838471753784
176,JST,"Johnstown, PA",1.9217877094972067,26.453488372093023,1,['OO'],46.156976744186046,164.38559096460008
83,CYS,"Cheyenne, WY",1.8777777777777778,20.118343195266274,1,['OO'],-4.053254437869822,121.57589173962586
107,ESC,"Escanaba, MI",1.850828729281768,19.402985074626866,1,['OO'],21.438805970149254,117.90448909803318
50,BTM,"Butte, MT",1.8453038674033149,10.479041916167665,1,['OO'],-10.592814371257486,42.113339949060546
332,TWF,"Twin Falls, ID",1.8176795580110496,6.686930091185411,1,['OO'],-6.0121580547112465,58.479252923261136
253,PIH,"Pocatello, ID",1.8176795580110496,6.079027355623101,1,['OO'],-4.197568389057751,32.01191460997095
290,SCC,"Deadhorse, AK",1.8157894736842106,16.304347826086953,1,['AS'],-24.590579710144926,64.62813165986259
255,PLN,"Pellston, MI",1.8135593220338984,24.299065420560744,1,['OO'],15.85981308411215,103.43900212789643
229,MVY,"Martha's Vineyard, MA",1.8035714285714286,16.83168316831683,2,"['YX', 'B6']",0.6138613861386139,73.23892002167014
174,JMS,"Jamestown, ND",1.803370786516854,24.9221183800623,1,['OO'],0.04984423676012461,89.61489138412298
93,DIK,"Dickinson, ND",1.8,19.444444444444443,1,['OO'],18.021604938271604,110.60207938921428
99,DVL,"Devils Lake, ND",1.7988826815642458,26.70807453416149,1,['OO'],17.10248447204969,73.3072656446848
337,VCT,"Victoria, TX",1.7570621468926553,23.794212218649516,1,['OO'],39.69774919614148,135.34006855402382
173,JLN,"Joplin, MO",1.7458563535911602,23.734177215189874,1,['OO'],29.658227848101266,119.29317079679899
59,CDC,"Cedar City, UT",1.7348066298342542,9.872611464968154,1,['OO'],-7.987261146496815,53.86689159146935
18,APN,"Alpena, MI",1.723756906077348,27.884615384615383,1,['OO'],23.807692307692307,104.4127424055656
165,INL,"International Falls, MN",1.723756906077348,20.192307692307693,1,['OO'],20.330128205128204,102.52617886685417
47,BRD,"Brainerd, MN",1.7222222222222223,16.774193548387093,1,['OO'],11.551612903225806,75.14479387112466
146,HIB,"Hibbing, MN",1.7166666666666666,16.181229773462785,1,['OO'],10.197411003236246,68.39702084745943
187,LBL,"Liberal, KS",1.7159090909090908,18.543046357615893,1,['OO'],3.73841059602649,48.81725140434174
251,PIB,"Hattiesburg/Laurel, MS",1.7134831460674158,20.98360655737705,1,['OO'],6.163934426229508,65.23141506042285
156,HYS,"Hays, KS",1.7118644067796611,16.17161716171617,1,['OO'],8.402640264026402,83.16569429901794
89,DEC,"Decatur, IL",1.707182320441989,21.03559870550162,1,['OO'],12.915857605177994,98.33589091743217
180,LAR,"Laramie, WY",1.7062146892655368,24.172185430463575,1,['OO'],13.466887417218542,79.04587105269306
207,MEI,"Meridian, MS",1.7039106145251397,20.327868852459016,1,['OO'],10.295081967213115,93.8554922723266
121,FOD,"Fort Dodge, IA",1.7039106145251397,24.59016393442623,1,['OO'],8.039344262295081,85.89650151928657
186,LBF,"North Platte, NE",1.6888888888888889,19.407894736842106,1,['OO'],9.55921052631579,83.01637943695341
29,BFF,"Scottsbluff, NE",1.6853932584269662,17.333333333333332,1,['OO'],5.75,62.83663189328583
204,MCW,"Mason City, IA",1.6836158192090396,17.78523489932886,1,['OO'],4.489932885906041,69.45120297937017
100,EAR,"Kearney, NE",1.680672268907563,27.0,1,['OO'],21.975,132.09321505024988
88,DDC,"Dodge City, KS",1.6723163841807909,24.32432432432433,1,['OO'],5.925675675675675,105.44775178008352
101,EAU,"Eau Claire, WI",1.6623376623376624,28.124999999999996,1,['OO'],51.484375,149.13804757422554
34,BIH,"Bishop, CA",1.6593406593406594,33.11258278145695,1,['OO'],10.450331125827814,69.03947554278608
198,LSE,"La Crosse, WI",1.6506849315068493,17.012448132780083,1,['MQ'],-12.195020746887966,54.352163174710924
341,WYS,"West Yellowstone, MT",1.6444444444444444,8.108108108108109,1,['OO'],1.027027027027027,55.91455638470083
261,PSE,"Ponce, PR",1.6024096385542168,23.68421052631579,2,"['B6', 'F9']",-7.992481203007519,49.128863474267646
185,LBE,"Latrobe, PA",1.4876543209876543,18.672199170124482,1,['NK'],-2.929460580912863,63.109158105548715
291,SCE,"State College, PA",1.421487603305785,31.395348837209305,2,"['YX', 'OO']",29.040697674418606,107.5254550337368
263,PSM,"Portsmouth, NH",1.3178807947019868,28.64321608040201,1,['G4'],3.2814070351758793,60.17282522019344
158,IAG,"Niagara Falls, NY",1.2366412213740459,38.2716049382716,1,['G4'],10.487654320987655,87.87980481933683
144,HGR,"Hagerstown, MD",1.2061855670103092,44.44444444444445,1,['G4'],19.17948717948718,62.76277385913859
314,STC,"St. Cloud, MN",1.1948051948051948,60.86956521739131,1,['G4'],21.75,61.92367244270328
325,TOL,"Toledo, OH",1.164179104477612,45.51282051282051,1,['G4'],23.942307692307693,73.27475826306878
241,OTH,"North Bend/Coos Bay, OR",1.1171875,40.55944055944056,1,['OO'],20.566433566433567,87.45578838303396
154,HTS,"Ashland, WV",1.0943396226415094,66.37931034482757,1,['G4'],53.224137931034484,107.59215150031977
242,OTZ,"Kotzebue, AK",1.0060240963855422,11.377245508982035,1,['AS'],-8.011976047904191,30.84355940735577
236,OME,"Nome, AK",1.0057142857142858,19.886363636363637,1,['AS'],3.221590909090909,42.50299874829308
104,EKO,"Elko, NV",1.0055248618784531,1.6483516483516483,1,['OO'],1.1428571428571428,85.97128795134239
94,DLG,"Dillingham, AK",1.0,24.137931034482758,1,['AS'],-8.620689655172415,86.2398705410436
310,SPI,"Springfield, IL",1.0,59.01639344262295,1,['G4'],30.868852459016395,60.83350924444961
31,BGM,"Binghamton, NY",1.0,21.487603305785125,1,['9E'],5.148760330578512,41.89583534533888
311,SPN,"Saipan, TT",1.0,16.292134831460675,1,['UA'],-3.646067415730337,60.90924536462495
258,PQI,"Presque Isle/Houlton, ME",1.0,22.413793103448278,1,['B6'],11.649425287356323,83.53240397665245
66,CKB,"Clarksburg/Fairmont, WV",1.0,77.19298245614034,1,['G4'],68.2280701754386,103.50103821837104
257,PPG,"Pago Pago, TT",1.0,47.368421052631575,1,['HA'],0.3157894736842105,16.10807017653046
9,ADK,"Adak Island, AK",1.0,29.78723404255319,1,['AS'],-6.0,39.851899741963095
308,SMX,"Santa Maria, CA",1.0,54.0,1,['G4'],40.4,127.13274438112927
13,AKN,"King Salmon, AK",1.0,23.333333333333332,1,['AS'],-31.5,41.502596512042224
49,BRW,"Barrow, AK",1.0,54.385964912280706,1,['AS'],8.777777777777779,44.59619843700448
110,EWN,"New Bern/Morehead/Beaufort, NC",1.0,33.33333333333333,1,['OH'],89.0,168.02083204174417
